-- phpMyAdmin SQL Dump
-- version 3.2.0.1
-- http://www.phpmyadmin.net
--
-- Host: localhost
-- Generation Time: Feb 09, 2011 at 02:28 AM
-- Server version: 5.1.36
-- PHP Version: 5.3.0

SET SQL_MODE="NO_AUTO_VALUE_ON_ZERO";


/*!40101 SET @OLD_CHARACTER_SET_CLIENT=@@CHARACTER_SET_CLIENT */;
/*!40101 SET @OLD_CHARACTER_SET_RESULTS=@@CHARACTER_SET_RESULTS */;
/*!40101 SET @OLD_COLLATION_CONNECTION=@@COLLATION_CONNECTION */;
/*!40101 SET NAMES utf8 */;

--
-- Database: `test-unit`
--

-- --------------------------------------------------------

--
-- Table structure for table `medicine`
--

CREATE TABLE IF NOT EXISTS `medicine` (
  `ID` int(11) NOT NULL,
  `UNIT` varchar(255) COLLATE utf8_bin DEFAULT NULL,
  `SHELF_LIFE` int(11) DEFAULT NULL,
  `NAME_ALIAS` varchar(255) COLLATE utf8_bin DEFAULT NULL,
  `NAME` varchar(255) COLLATE utf8_bin DEFAULT NULL,
  `QUANTITY` int(11) DEFAULT NULL,
  `UNIT_PRICE` decimal(38,0) DEFAULT NULL,
  `BUY_DATE` date DEFAULT NULL,
  `PRODUCT_DATE` date DEFAULT NULL,
  PRIMARY KEY (`ID`)
) ENGINE=InnoDB DEFAULT CHARSET=utf8 COLLATE=utf8_bin;

--
-- Dumping data for table `medicine`
--

INSERT INTO `medicine` (`ID`, `UNIT`, `SHELF_LIFE`, `NAME_ALIAS`, `NAME`, `QUANTITY`, `UNIT_PRICE`, `BUY_DATE`, `PRODUCT_DATE`) VALUES
(1, '公斤', 0, 'ZMH', '炙麻黄', 58, '10', '2010-10-10', '2010-01-01'),
(2, '公斤', 0, 'CGZ', '川桂枝', 272, '10', '2010-10-10', '2010-01-01'),
(3, '公斤', 0, 'ZSY', '紫苏叶', 272, '8', '2010-10-10', '2010-01-01'),
(4, '公斤', 0, 'SG', '苏梗', 272, '4', '2010-10-10', '2010-01-01'),
(5, '公斤', 0, 'MHG', '麻黄根', 230, '4', '2010-10-10', '2010-01-01'),
(6, '公斤', 0, 'CJJ', '炒荆芥', 11, '4', '2010-10-10', '2010-01-01'),
(7, '公斤', 0, 'CFF', '炒防风', 23, '5', '2010-10-10', '2010-01-01'),
(8, '公斤', 0, 'QH', '羌活', 12, '3', '2010-10-10', '2010-01-01'),
(9, '公斤', 0, 'XBZ', '香白芷', 11, '4', '2010-10-10', '2010-01-01'),
(10, '公斤', 0, 'XGB', '香藁本', 23, '2', '2010-10-10', '2010-01-01'),
(11, '公斤', 0, 'SJ', '生姜', 23, '6', '2010-10-10', '2010-01-01'),
(12, '公斤', 0, 'SJP', '生姜皮', 124, '67', '2010-10-10', '2010-01-01'),
(13, '公斤', 0, 'GJ', '干姜', 56, '3', '2010-10-10', '2010-01-01'),
(16, '公斤', 0, 'BH', '薄荷(后下)', 50, '3', '2010-10-10', '2010-01-01'),
(17, '公斤', 0, 'CNBZ', '炒牛蒡子', 50, '3', '2010-10-10', '2010-01-01'),
(18, '公斤', 0, 'CT', '蝉蜕', 100, '3', '2010-10-10', '2010-01-01'),
(19, '公斤', 0, 'DDC', '淡豆豉', 5, '3', '2010-10-10', '2010-01-01'),
(20, '公斤', 0, 'SY', '桑叶', 36, '3', '2010-10-10', '2010-01-01'),
(21, '公斤', 0, 'CJH', '池菊花', 36, '3', '2010-10-10', '2010-01-01'),
(22, '公斤', 0, 'YJH', '野菊花', 37, '3', '2010-10-10', '2010-01-01'),
(23, '公斤', 0, 'MJZ', '蔓荆子', 70, '3', '2010-10-10', '2010-01-01'),
(24, '公斤', 0, 'FGG', '粉葛根', 70, '3', '2010-10-10', '2010-01-01'),
(25, '公斤', 0, 'GH', '葛花', 77, '3', '2010-10-10', '2010-01-01'),
(26, '公斤', 0, 'RCH', '软柴胡', 34, '3', '2010-10-10', '2010-01-01'),
(27, '公斤', 0, 'WGG', '煨葛根', 34, '3', '2010-10-10', '2010-01-01'),
(28, '公斤', 0, 'LSM', '绿升麻', 15, '3', '2010-10-10', '2010-01-01'),
(29, '公斤', 0, 'ZSM', '炙升麻', 45, '3', '2010-10-10', '2010-01-01'),
(30, '公斤', 0, 'FPC', '浮萍草', 66, '3', '2010-10-10', '2010-01-01'),
(31, '公斤', 0, 'CB', '葱白', 99, '3', '2010-10-10', '2010-01-01'),
(32, '公斤', 0, 'CEZ', '苍耳子', 45, '3', '2010-10-10', '2010-01-01'),
(33, '公斤', 0, 'CEC', '苍耳草', 40, '3', '2010-10-10', '2010-01-01'),
(34, '公斤', 0, 'XYH', '辛夷花', 47, '3', '2010-10-10', '2010-01-01'),
(35, '公斤', 0, 'YS', '芫荽', 50, '3', '2010-10-10', '2010-01-01'),
(36, '公斤', 0, 'SHS', '石胡荽', 49, '3', '2010-10-10', '2010-01-01'),
(37, '公斤', 0, 'XHL', '西河柳', 23, '3', '2010-10-10', '2010-01-01'),
(38, '公斤', 0, 'MZC', '木贼草', 28, '3', '2010-10-10', '2010-01-01'),
(39, '公斤', 0, 'SSG', '生石膏', 14, '3', '2010-10-10', '2010-01-01'),
(40, '公斤', 0, 'FZM', '肥知母', 37, '3', '2010-10-10', '2010-01-01'),
(41, '公斤', 0, 'XLG', '鲜芦根', 28, '3', '2010-10-10', '2010-01-01'),
(42, '公斤', 0, 'THF', '天花粉', 125, '3', '2010-10-10', '2010-01-01'),
(43, '公斤', 0, 'ZY', '竹叶', 21, '3', '2010-10-10', '2010-01-01'),
(44, '公斤', 0, 'DZY', '淡竹叶', 25, '3', '2010-10-10', '2010-01-01'),
(45, '公斤', 0, 'YZC', '鸭跖草', 37, '3', '2010-10-10', '2010-01-01'),
(46, '公斤', 0, 'QH', '青蒿', 33, '3', '2010-10-10', '2010-01-01'),
(47, '公斤', 0, 'CHL', '川黄连', 30, '3', '2010-10-10', '2010-01-01'),
(48, '公斤', 0, 'DHQ', '淡黄芩', 77, '3', '2010-10-10', '2010-01-01'),
(49, '公斤', 0, 'HB', '黄柏', 37, '3', '2010-10-10', '2010-01-01'),
(50, '公斤', 0, 'HSZ', '黑山栀', 16, '3', '2010-10-10', '2010-01-01'),
(51, '公斤', 0, 'LDC', '龙胆草', 12, '3', '2010-10-10', '2010-01-01'),
(52, '公斤', 0, 'XKC', '夏枯草', 22, '3', '2010-10-10', '2010-01-01'),
(53, '公斤', 0, 'KC', '苦参', 22, '3', '2010-10-10', '2010-01-01'),
(54, '公斤', 0, 'JYH', '金银花', 23, '3', '2010-10-10', '2010-01-01'),
(55, '公斤', 0, 'RDT', '忍冬藤', 78, '3', '2010-10-10', '2010-01-01'),
(56, '公斤', 0, 'LQ', '连翘', 45, '3', '2010-10-10', '2010-01-01'),
(57, '公斤', 0, 'PGY', '蒲公英', 14, '3', '2010-10-10', '2010-01-01'),
(58, '公斤', 0, 'ZHDD', '紫花地丁', 14, '3', '2010-10-10', '2010-01-01'),
(59, '公斤', 0, 'DQY', '大青叶', 29, '3', '2010-10-10', '2010-01-01'),
(60, '公斤', 0, 'BLG', '板蓝根', 39, '3', '2010-10-10', '2010-01-01'),
(61, '公斤', 0, 'QD', '青黛', 222, '3', '2010-10-10', '2010-01-01'),
(62, '公斤', 0, 'CXL', '穿心莲', 56, '3', '2010-10-10', '2010-01-01'),
(63, '公斤', 0, 'SJQ', '四季青', 22, '3', '2010-10-10', '2010-01-01'),
(64, '公斤', 0, 'BBL', '半边莲', 77, '3', '2010-10-10', '2010-01-01'),
(65, '公斤', 0, 'BZL', '半枝莲', 29, '3', '2010-10-10', '2010-01-01'),
(66, '公斤', 0, 'CPC', '垂盆草', 10, '3', '2010-10-10', '2010-01-01'),
(67, '公斤', 0, 'TFL', '土茯苓', 12, '3', '2010-10-10', '2010-01-01'),
(68, '公斤', 0, 'YXC', '鱼腥草', 14, '3', '2010-10-10', '2010-01-01'),
(69, '公斤', 0, 'JQM', '金荞麦', 475, '3', '2010-10-10', '2010-01-01'),
(70, '公斤', 0, 'JGC', '筋骨草', 119, '3', '2010-10-10', '2010-01-01'),
(71, '公斤', 0, 'MCX', '马齿苋', 22, '3', '2010-10-10', '2010-01-01'),
(72, '公斤', 0, 'DJC', '地锦草', 15, '3', '2010-10-10', '2010-01-01'),
(73, '公斤', 0, 'BTW', '白头翁', 348, '3', '2010-10-10', '2010-01-01'),
(74, '公斤', 0, 'YDZ', '鸦胆子', 66, '3', '2010-10-10', '2010-01-01'),
(75, '公斤', 0, 'QP', '秦皮', 12, '3', '2010-10-10', '2010-01-01'),
(76, '公斤', 0, 'HT', '红藤', 42, '3', '2010-10-10', '2010-01-01'),
(77, '公斤', 0, 'BJC', '败酱草', 72, '3', '2010-10-10', '2010-01-01'),
(78, '公斤', 0, 'SG', '射干', 15, '3', '2010-10-10', '2010-01-01'),
(79, '公斤', 0, 'SDG', '山豆根', 22, '3', '2010-10-10', '2010-01-01'),
(80, '公斤', 0, 'MB', '马勃', 99, '3', '2010-10-10', '2010-01-01'),
(81, '公斤', 0, 'SDH', '生地黄', 53, '3', '2010-10-10', '2010-01-01'),
(82, '公斤', 0, 'XC', '玄参', 98, '3', '2010-10-10', '2010-01-01'),
(83, '公斤', 0, 'FDP', '粉丹皮', 320, '3', '2010-10-10', '2010-01-01'),
(84, '公斤', 0, 'CS', '赤芍', 122, '3', '2010-10-10', '2010-01-01'),
(85, '公斤', 0, 'SNJ', '水牛角', 66, '3', '2010-10-10', '2010-01-01'),
(86, '公斤', 0, 'NH', '牛黄', 12, '3', '2010-10-10', '2010-01-01'),
(87, '公斤', 0, 'ZC', '紫草', 25, '3', '2010-10-10', '2010-01-01'),
(88, '公斤', 0, 'BW', '白薇', 29, '3', '2010-10-10', '2010-01-01'),
(89, '公斤', 0, 'DGP', '地骨皮', 144, '3', '2010-10-10', '2010-01-01'),
(90, '公斤', 0, 'YCH', '银柴胡', 11, '3', '2010-10-10', '2010-01-01'),
(91, '公斤', 0, 'XGP', '西瓜皮', 11, '3', '2010-10-10', '2010-01-01'),
(92, '公斤', 0, 'HY', '荷叶', 49, '3', '2010-10-10', '2010-01-01'),
(93, '公斤', 0, 'LD', '绿豆', 4, '3', '2010-10-10', '2010-01-01'),
(94, '公斤', 0, 'GJC', '谷精草', 8, '3', '2010-10-10', '2010-01-01'),
(95, '公斤', 0, 'MMH', '密蒙花', 33, '3', '2010-10-10', '2010-01-01'),
(96, '公斤', 0, 'QXZ', '青葙子', 6, '3', '2010-10-10', '2010-01-01'),
(97, '公斤', 0, 'MBC', '马鞭草', 8, '3', '2010-10-10', '2010-01-01'),
(98, '公斤', 0, 'HHL', '胡黄连', 25, '3', '2010-10-10', '2010-01-01'),
(99, '公斤', 0, 'YZHH', '一枝黄花', 44, '3', '2010-10-10', '2010-01-01'),
(100, '公斤', 0, 'YMZ', '野马追', 33, '3', '2010-10-10', '2010-01-01'),
(101, '公斤', 0, 'GJD', '挂金灯', 22, '3', '2010-10-10', '2010-01-01'),
(102, '公斤', 0, 'RZH', '人中黄', 500, '3', '2010-10-10', '2010-01-01'),
(103, '公斤', 0, 'SDC', '石打穿', 12, '3', '2010-10-10', '2010-01-01'),
(104, '公斤', 0, 'CHC', '草河车', 36, '3', '2010-10-10', '2010-01-01'),
(105, '公斤', 0, 'TJH', '田基黄', 23, '3', '2010-10-10', '2010-01-01'),
(106, '公斤', 0, 'LZC', '荔枝草', 17, '3', '2010-10-10', '2010-01-01'),
(107, '公斤', 0, 'WLM', '乌蔹莓', 101, '3', '2010-10-10', '2010-01-01'),
(108, '公斤', 0, 'FWC', '凤尾草', 101, '3', '2010-10-10', '2010-01-01'),
(109, '公斤', 0, 'LLT', '拉拉藤', 1130, '3', '2010-10-10', '2010-01-01'),
(110, '公斤', 0, 'GLY', '功劳叶', 12, '3', '2010-10-10', '2010-01-01'),
(111, '公斤', 0, 'SPT', '山葡萄', 12, '3', '2010-10-10', '2010-01-01'),
(112, '公斤', 0, 'BL', '白蔹', 15, '3', '2010-10-10', '2010-01-01'),
(113, '公斤', 0, 'LL', '漏芦', 12, '3', '2010-10-10', '2010-01-01'),
(114, '公斤', 0, 'GZC', '鬼针草', 10, '3', '2010-10-10', '2010-01-01'),
(115, '公斤', 0, 'BXP', '白藓皮', 8, '3', '2010-10-10', '2010-01-01'),
(116, '公斤', 0, 'BMT', '白毛藤', 8, '3', '2010-10-10', '2010-01-01'),
(117, '公斤', 0, 'SCG', '山慈菇', 31, '3', '2010-10-10', '2010-01-01'),
(118, '公斤', 0, 'LK', '龙葵', 9, '3', '2010-10-10', '2010-01-01'),
(119, '公斤', 0, 'SM', '蛇莓', 9, '3', '2010-10-10', '2010-01-01'),
(120, '公斤', 0, 'BHSSC', '白花蛇食草', 22, '3', '2010-10-10', '2010-01-01'),
(121, '公斤', 0, 'ZYY', '猪殃殃', 4, '3', '2010-10-10', '2010-01-01'),
(122, '公斤', 0, 'SDHHX', '生大黄后下', 889, '3', '2010-10-10', '2010-01-01'),
(123, '公斤', 0, 'ZCJ', '制川军', 889, '3', '2010-10-10', '2010-01-01'),
(124, '公斤', 0, 'DHT', '大黄炭', 12, '3', '2010-10-10', '2010-01-01'),
(125, '公斤', 0, 'MX(C)', '芒硝(冲)', 12, '3', '2010-10-10', '2010-01-01'),
(126, '公斤', 0, 'FXY', '番泻叶', 12, '3', '2010-10-10', '2010-01-01'),
(127, '公斤', 0, 'LH*', '芦荟*', 22, '3', '2010-10-10', '2010-01-01'),
(128, '公斤', 0, 'BD*', '巴豆*', 66, '3', '2010-10-10', '2010-01-01'),
(129, '公斤', 0, 'DMR', '大麻仁', 250, '3', '2010-10-10', '2010-01-01'),
(130, '公斤', 0, 'YLR', '郁李仁', 97, '3', '2010-10-10', '2010-01-01'),
(131, '公斤', 0, 'QNZ*', '牵牛子*', 31, '3', '2010-10-10', '2010-01-01'),
(132, '公斤', 0, 'GS*', '甘遂*', 13, '3', '2010-10-10', '2010-01-01'),
(133, '公斤', 0, 'DJ*', '大戟*', 88, '3', '2010-10-10', '2010-01-01'),
(134, '公斤', 0, 'YH*', '芫花*', 22, '3', '2010-10-10', '2010-01-01'),
(135, '公斤', 0, 'SL*', '商陆*', 12, '3', '2010-10-10', '2010-01-01'),
(136, '公斤', 0, 'XSZ*', '续随子*', 77, '3', '2010-10-10', '2010-01-01'),
(137, '公斤', 0, 'DH', '独活', 11, '3', '2010-10-10', '2010-01-01'),
(138, '公斤', 0, 'FJ', '防己', 11, '3', '2010-10-10', '2010-01-01'),
(139, '公斤', 0, 'QJ', '秦艽', 10, '3', '2010-10-10', '2010-01-01'),
(140, '公斤', 0, 'WLX', '威灵仙', 55, '3', '2010-10-10', '2010-01-01'),
(141, '公斤', 0, 'XXC', '莶草', 22, '3', '2010-10-10', '2010-01-01'),
(142, '公斤', 0, 'CWT', '臭梧桐', 23, '3', '2010-10-10', '2010-01-01'),
(143, '公斤', 0, 'WJP', '五加皮', 44, '3', '2010-10-10', '2010-01-01'),
(144, '公斤', 0, 'XMG', '宣木瓜', 55, '3', '2010-10-10', '2010-01-01'),
(145, '公斤', 0, 'SJS', '桑寄生', 66, '3', '2010-10-10', '2010-01-01'),
(146, '公斤', 0, 'SZ', '桑枝', 19, '3', '2010-10-10', '2010-01-01'),
(147, '公斤', 0, 'XGF', '寻骨风', 44, '3', '2010-10-10', '2010-01-01'),
(148, '公斤', 0, 'QS', '蕲蛇', 55, '3', '2010-10-10', '2010-01-01'),
(149, '公斤', 0, 'WSS', '乌梢蛇', 66, '3', '2010-10-10', '2010-01-01'),
(150, '公斤', 0, 'ST', '蛇蜕', 13, '3', '2010-10-10', '2010-01-01'),
(151, '公斤', 0, 'LST', '络石藤', 4, '3', '2010-10-10', '2010-01-01'),
(152, '公斤', 0, 'HTP', '海桐皮', 8, '3', '2010-10-10', '2010-01-01'),
(153, '公斤', 0, 'HFT', '海风藤', 3, '3', '2010-10-10', '2010-01-01'),
(154, '公斤', 0, 'YSJ', '油松节', 17, '3', '2010-10-10', '2010-01-01'),
(155, '公斤', 0, 'BQ', '菝葜', 9, '3', '2010-10-10', '2010-01-01'),
(156, '公斤', 0, 'TGC', '透骨草', 6, '3', '2010-10-10', '2010-01-01'),
(157, '公斤', 0, 'LGC', '老鹳草', 8, '3', '2010-10-10', '2010-01-01'),
(158, '公斤', 0, 'CS', '蚕沙', 209, '3', '2010-10-10', '2010-01-01'),
(159, '公斤', 0, 'MCS', '茅苍术', 209, '3', '2010-10-10', '2010-01-01'),
(160, '公斤', 0, 'CHP', '川厚朴', 12, '3', '2010-10-10', '2010-01-01'),
(161, '公斤', 0, 'GHX', '广藿香', 12, '3', '2010-10-10', '2010-01-01'),
(162, '公斤', 0, 'PL', '佩兰', 40, '3', '2010-10-10', '2010-01-01'),
(163, '公斤', 0, 'CSRHX', '春砂仁后下', 48, '3', '2010-10-10', '2010-01-01'),
(164, '公斤', 0, 'BDK', '白豆蔻', 7, '3', '2010-10-10', '2010-01-01'),
(165, '公斤', 0, 'CDK', '草豆蔻', 5, '3', '2010-10-10', '2010-01-01'),
(166, '公斤', 0, 'WCG', '煨草果', 88, '3', '2010-10-10', '2010-01-01'),
(167, '公斤', 0, 'YFL', '云茯苓', 21, '3', '2010-10-10', '2010-01-01'),
(168, '公斤', 0, 'FLP', '茯苓皮', 7, '3', '2010-10-10', '2010-01-01'),
(169, '公斤', 0, 'ZL', '猪苓', 5, '3', '2010-10-10', '2010-01-01'),
(170, '公斤', 0, 'ZX', '泽泻', 7, '3', '2010-10-10', '2010-01-01'),
(171, '公斤', 0, 'CQZ', '车前子(包)', 25, '3', '2010-10-10', '2010-01-01'),
(172, '公斤', 0, 'CQC', '车前草', 51, '3', '2010-10-10', '2010-01-01'),
(173, '公斤', 0, 'FHS', '飞滑石(包)', 33, '3', '2010-10-10', '2010-01-01'),
(174, '公斤', 0, 'SYR', '生苡仁', 22, '3', '2010-10-10', '2010-01-01'),
(175, '公斤', 0, 'SYR', '熟苡仁', 97, '3', '2010-10-10', '2010-01-01'),
(176, '公斤', 0, 'TMT', '童木通', 97, '3', '2010-10-10', '2010-01-01'),
(177, '公斤', 0, 'TC', '通草', 97, '3', '2010-10-10', '2010-01-01'),
(178, '公斤', 0, 'JQC', '金钱草', 22, '3', '2010-10-10', '2010-01-01'),
(179, '公斤', 0, 'HJST', '海金沙藤', 14, '3', '2010-10-10', '2010-01-01'),
(180, '公斤', 0, 'SW', '石苇', 25, '3', '2010-10-10', '2010-01-01'),
(181, '公斤', 0, 'CBX', '川萆?', 33, '3', '2010-10-10', '2010-01-01'),
(182, '公斤', 0, 'MYC', '绵茵陈', 95, '3', '2010-10-10', '2010-01-01'),
(183, '公斤', 0, 'DFZ', '地肤子', 5, '3', '2010-10-10', '2010-01-01'),
(184, '公斤', 0, 'CXD', '赤小豆', 15, '3', '2010-10-10', '2010-01-01'),
(185, '公斤', 0, 'YMX', '玉米须', 3, '3', '2010-10-10', '2010-01-01'),
(186, '公斤', 0, 'HL', '葫芦', 37, '3', '2010-10-10', '2010-01-01'),
(187, '公斤', 0, 'DGP', '冬瓜皮', 9, '3', '2010-10-10', '2010-01-01'),
(188, '公斤', 0, 'DGZ', '冬瓜子', 9, '3', '2010-10-10', '2010-01-01'),
(189, '公斤', 0, 'BX', '扁蓄', 26, '3', '2010-10-10', '2010-01-01'),
(190, '公斤', 0, 'DKZ', '冬葵子', 18, '3', '2010-10-10', '2010-01-01'),
(191, '公斤', 0, 'SBC', '三白草', 5, '3', '2010-10-10', '2010-01-01'),
(192, '公斤', 0, 'QC', '荠菜', 7, '3', '2010-10-10', '2010-01-01'),
(193, '公斤', 0, 'GBG', '杠板归', 24, '3', '2010-10-10', '2010-01-01'),
(194, '公斤', 0, 'XS', '蟋蟀*', 100, '3', '2010-10-10', '2010-01-01'),
(195, '公斤', 0, 'JM', '瞿麦', 8, '3', '2010-10-10', '2010-01-01'),
(196, '公斤', 0, 'SFZ', '熟附子*', 16, '3', '2010-10-10', '2010-01-01'),
(197, '公斤', 0, 'ZCW', '制川乌', 44, '3', '2010-10-10', '2010-01-01'),
(198, '公斤', 0, 'ZCW', '制草乌', 44, '3', '2010-10-10', '2010-01-01'),
(199, '公斤', 0, 'RG', '肉桂', 67, '3', '2010-10-10', '2010-01-01'),
(200, '公斤', 0, 'WZY', '吴茱萸', 39, '3', '2010-10-10', '2010-01-01'),
(201, '公斤', 0, 'BXX', '北细辛', 39, '3', '2010-10-10', '2010-01-01'),
(202, '公斤', 0, 'HJ', '花椒', 7, '3', '2010-10-10', '2010-01-01'),
(203, '公斤', 0, 'HJ', '胡椒', 8, '3', '2010-10-10', '2010-01-01'),
(204, '公斤', 0, 'GDX', '公丁香', 200, '3', '2010-10-10', '2010-01-01'),
(205, '公斤', 0, 'GLJ', '高良姜', 61, '3', '2010-10-10', '2010-01-01'),
(206, '公斤', 0, 'XHX', '小茴香', 12, '3', '2010-10-10', '2010-01-01'),
(207, '公斤', 0, 'BB', '荜拔', 5, '3', '2010-10-10', '2010-01-01'),
(208, '公斤', 0, 'BCQ', '荜澄茄', 77, '3', '2010-10-10', '2010-01-01'),
(209, '公斤', 0, 'CP', '陈皮', 9, '3', '2010-10-10', '2010-01-01'),
(210, '公斤', 0, 'HJH', '化橘红', 34, '3', '2010-10-10', '2010-01-01'),
(211, '公斤', 0, 'JH', '橘核', 6, '3', '2010-10-10', '2010-01-01'),
(212, '公斤', 0, 'QP', '青皮', 8, '3', '2010-10-10', '2010-01-01'),
(213, '公斤', 0, 'CZS', '炒枳实', 8, '3', '2010-10-10', '2010-01-01'),
(214, '公斤', 0, 'CZK', '炒枳壳', 8, '3', '2010-10-10', '2010-01-01'),
(215, '公斤', 0, 'GMX', '广木香', 8, '3', '2010-10-10', '2010-01-01'),
(216, '公斤', 0, 'QMX', '青木香', 347, '3', '2010-10-10', '2010-01-01'),
(217, '公斤', 0, 'ZXF', '制香附', 9, '3', '2010-10-10', '2010-01-01'),
(218, '公斤', 0, 'TWY', '台乌药', 90, '3', '2010-10-10', '2010-01-01'),
(219, '公斤', 0, 'CX', '沉香(后下)', 36, '3', '2010-10-10', '2010-01-01'),
(220, '公斤', 0, 'GYJ', '广郁金', 33, '3', '2010-10-10', '2010-01-01'),
(221, '公斤', 0, 'PJH', '片姜黄', 33, '3', '2010-10-10', '2010-01-01'),
(222, '公斤', 0, 'YHS', '延胡索', 44, '3', '2010-10-10', '2010-01-01'),
(223, '公斤', 0, 'CLZ', '川楝子', 171, '3', '2010-10-10', '2010-01-01'),
(224, '公斤', 0, 'LZH', '荔枝核', 22, '3', '2010-10-10', '2010-01-01'),
(225, '公斤', 0, 'XCQ', '徐长卿', 34, '3', '2010-10-10', '2010-01-01'),
(226, '公斤', 0, 'XB', '薤白', 11, '3', '2010-10-10', '2010-01-01'),
(227, '公斤', 0, 'FSP', '佛手片', 11, '3', '2010-10-10', '2010-01-01'),
(228, '公斤', 0, 'SLZ', '苏噜子', 43, '3', '2010-10-10', '2010-01-01'),
(229, '公斤', 0, 'BYZ', '八月扎', 33, '3', '2010-10-10', '2010-01-01'),
(230, '公斤', 0, 'LEM', '绿萼梅', 171, '3', '2010-10-10', '2010-01-01'),
(231, '公斤', 0, 'BCH', '白残花', 171, '3', '2010-10-10', '2010-01-01'),
(232, '公斤', 0, 'MGH', '玫瑰花', 88, '3', '2010-10-10', '2010-01-01'),
(233, '公斤', 0, 'SD', '柿蒂', 22, '3', '2010-10-10', '2010-01-01'),
(234, '公斤', 0, 'DD', '刀豆', 2, '3', '2010-10-10', '2010-01-01'),
(235, '公斤', 0, 'GS', '甘松', 22, '3', '2010-10-10', '2010-01-01'),
(236, '公斤', 0, 'SN', '山柰', 25, '3', '2010-10-10', '2010-01-01'),
(237, '公斤', 0, 'JX', '降香', 111, '3', '2010-10-10', '2010-01-01'),
(238, '公斤', 0, 'TX', '檀香', 111, '3', '2010-10-10', '2010-01-01'),
(239, '公斤', 0, 'JXC', '九香虫', 23, '3', '2010-10-10', '2010-01-01'),
(240, '公斤', 0, 'DJ', '大蓟', 6, '3', '2010-10-10', '2010-01-01'),
(241, '公斤', 0, 'XJ', '小蓟', 6, '3', '2010-10-10', '2010-01-01'),
(242, '公斤', 0, 'XHC', '仙鹤草', 19, '3', '2010-10-10', '2010-01-01'),
(243, '公斤', 0, 'SDY', '生地榆', 19, '3', '2010-10-10', '2010-01-01'),
(244, '公斤', 0, 'DYT', '地榆炭', 17, '3', '2010-10-10', '2010-01-01'),
(245, '公斤', 0, 'ZMG', '苎麻根', 31, '3', '2010-10-10', '2010-01-01'),
(246, '公斤', 0, 'ZZ', '紫珠', 17, '3', '2010-10-10', '2010-01-01'),
(247, '公斤', 0, 'BJ', '白芨', 34, '3', '2010-10-10', '2010-01-01'),
(248, '公斤', 0, 'BMG', '白茅根', 16, '3', '2010-10-10', '2010-01-01'),
(249, '公斤', 0, 'BMH', '白毛花', 12, '3', '2010-10-10', '2010-01-01'),
(250, '公斤', 0, 'HH', '槐花', 71, '3', '2010-10-10', '2010-01-01'),
(251, '公斤', 0, 'HJ', '槐角', 39, '3', '2010-10-10', '2010-01-01'),
(252, '公斤', 0, 'CBY', '侧柏叶', 84, '3', '2010-10-10', '2010-01-01'),
(253, '公斤', 0, 'CSQ', '参三七', 0, '3', '2010-10-10', '2010-01-01'),
(254, '公斤', 0, 'XQC', '血茜草', 6, '3', '2010-10-10', '2010-01-01'),
(255, '公斤', 0, 'QCT', '茜草炭', 21, '3', '2010-10-10', '2010-01-01'),
(256, '公斤', 0, 'CBT', '侧柏炭', 32, '3', '2010-10-10', '2010-01-01'),
(257, '公斤', 0, 'SPH', '生蒲黄(包)', 33, '3', '2010-10-10', '2010-01-01'),
(258, '公斤', 0, 'PHT', '蒲黄炭', 23, '3', '2010-10-10', '2010-01-01'),
(259, '公斤', 0, 'AY', '艾叶', 45, '3', '2010-10-10', '2010-01-01'),
(260, '公斤', 0, 'AYT', '艾叶炭', 6, '3', '2010-10-10', '2010-01-01'),
(261, '公斤', 0, 'ZXT', '灶心土', 4, '3', '2010-10-10', '2010-01-01'),
(262, '公斤', 0, 'XYT', '血余炭', 4, '3', '2010-10-10', '2010-01-01'),
(263, '公斤', 0, 'CZT', '陈棕炭', 4, '3', '2010-10-10', '2010-01-01'),
(264, '公斤', 0, 'TXC', '铁苋菜', 631, '3', '2010-10-10', '2010-01-01'),
(265, '公斤', 0, 'TDH', '土大黄', 9, '3', '2010-10-10', '2010-01-01'),
(266, '公斤', 0, 'HRS', '花蕊石', 9, '3', '2010-10-10', '2010-01-01'),
(267, '公斤', 0, 'NJS', '牛角腮', 9, '3', '2010-10-10', '2010-01-01'),
(268, '公斤', 0, 'OJT', '藕节炭', 9, '3', '2010-10-10', '2010-01-01'),
(269, '公斤', 0, 'JGH', '鸡冠花', 9, '3', '2010-10-10', '2010-01-01'),
(270, '公斤', 0, 'CX', '川芎', 11, '3', '2010-10-10', '2010-01-01'),
(271, '公斤', 0, 'ZRX', '制乳香', 222, '3', '2010-10-10', '2010-01-01'),
(272, '公斤', 0, 'ZMY', '制没药', 38, '3', '2010-10-10', '2010-01-01'),
(273, '公斤', 0, 'ES', '莪术', 15, '3', '2010-10-10', '2010-01-01'),
(274, '公斤', 0, 'SL', '三棱', 22, '3', '2010-10-10', '2010-01-01'),
(275, '公斤', 0, 'ZDC', '紫丹参', 22, '3', '2010-10-10', '2010-01-01'),
(276, '公斤', 0, 'HZ', '虎杖', 22, '3', '2010-10-10', '2010-01-01'),
(277, '公斤', 0, 'YMC', '益母草', 12, '3', '2010-10-10', '2010-01-01'),
(278, '公斤', 0, 'CWZ', '茺蔚子', 12, '3', '2010-10-10', '2010-01-01'),
(279, '公斤', 0, 'JXT', '鸡血藤', 25, '3', '2010-10-10', '2010-01-01'),
(280, '公斤', 0, 'TR', '桃仁', 84, '3', '2010-10-10', '2010-01-01'),
(281, '公斤', 0, 'HH', '红花', 84, '3', '2010-10-10', '2010-01-01'),
(282, '公斤', 0, 'WLZ', '五灵脂', 33, '3', '2010-10-10', '2010-01-01'),
(283, '公斤', 0, 'CNX', '川牛膝', 33, '3', '2010-10-10', '2010-01-01'),
(284, '公斤', 0, 'PJP', '炮甲片', 880, '3', '2010-10-10', '2010-01-01'),
(285, '公斤', 0, 'DBC', '地鳖虫*', 36, '3', '2010-10-10', '2010-01-01'),
(286, '公斤', 0, 'SZ', '水蛭*', 44, '3', '2010-10-10', '2010-01-01'),
(287, '公斤', 0, 'SM', '苏木', 33, '3', '2010-10-10', '2010-01-01'),
(288, '公斤', 0, 'WBLX', '王不留行', 21, '3', '2010-10-10', '2010-01-01'),
(289, '公斤', 0, 'ZC', '紫参', 12, '3', '2010-10-10', '2010-01-01'),
(290, '公斤', 0, 'ZL', '泽兰', 44, '3', '2010-10-10', '2010-01-01'),
(291, '公斤', 0, 'LXH', '凌霄花', 55, '3', '2010-10-10', '2010-01-01'),
(292, '公斤', 0, 'YJH', '月季花', 66, '3', '2010-10-10', '2010-01-01'),
(293, '公斤', 0, 'LJN', '刘寄奴', 4, '3', '2010-10-10', '2010-01-01'),
(294, '公斤', 0, 'LDD', '落得打', 6, '3', '2010-10-10', '2010-01-01'),
(295, '公斤', 0, 'ZRT', '自然铜(煅)', 45, '3', '2010-10-10', '2010-01-01'),
(296, '公斤', 0, 'XJ', '血竭', 14, '3', '2010-10-10', '2010-01-01'),
(297, '公斤', 0, 'MC', '虻虫', 32, '3', '2010-10-10', '2010-01-01'),
(298, '公斤', 0, 'ZBX', '制半夏', 22, '3', '2010-10-10', '2010-01-01'),
(299, '公斤', 0, 'FBX', '法半夏', 15, '3', '2010-10-10', '2010-01-01'),
(300, '公斤', 0, 'CDX', '陈胆星', 22, '3', '2010-10-10', '2010-01-01'),
(301, '公斤', 0, 'BFZ', '白附子*', 22, '3', '2010-10-10', '2010-01-01'),
(302, '公斤', 0, 'BJZ', '白芥子', 22, '3', '2010-10-10', '2010-01-01'),
(303, '公斤', 0, 'ZJ', '皂荚', 11, '3', '2010-10-10', '2010-01-01'),
(304, '公斤', 0, 'ZJC', '皂角刺', 11, '3', '2010-10-10', '2010-01-01'),
(305, '公斤', 0, 'JG', '桔梗', 18, '3', '2010-10-10', '2010-01-01'),
(306, '公斤', 0, 'XFH', '旋复花(包)', 33, '3', '2010-10-10', '2010-01-01'),
(307, '公斤', 0, 'JFC', '金沸草', 11, '3', '2010-10-10', '2010-01-01'),
(308, '公斤', 0, 'BQ', '白前', 134, '3', '2010-10-10', '2010-01-01'),
(309, '公斤', 0, 'FQH', '粉前胡', 134, '3', '2010-10-10', '2010-01-01'),
(310, '公斤', 0, 'QGL', '全瓜蒌', 12, '3', '2010-10-10', '2010-01-01'),
(311, '公斤', 0, 'GLR', '瓜蒌仁', 12, '3', '2010-10-10', '2010-01-01'),
(312, '公斤', 0, 'GLP', '瓜蒌皮', 12, '3', '2010-10-10', '2010-01-01'),
(313, '公斤', 0, 'CBM', '川贝母', 42, '3', '2010-10-10', '2010-01-01'),
(314, '公斤', 0, 'ZBM', '浙贝母', 199, '3', '2010-10-10', '2010-01-01'),
(315, '公斤', 0, 'TZH', '天竹黄', 22, '3', '2010-10-10', '2010-01-01'),
(316, '公斤', 0, 'ZR', '竹茹', 22, '3', '2010-10-10', '2010-01-01'),
(317, '公斤', 0, 'ZL', '竹沥', 135, '3', '2010-10-10', '2010-01-01'),
(318, '公斤', 0, 'HFS', '海浮石', 216, '3', '2010-10-10', '2010-01-01'),
(319, '公斤', 0, 'QMS', '青礞石', 12, '3', '2010-10-10', '2010-01-01'),
(320, '公斤', 0, 'HZ', '海藻', 12, '3', '2010-10-10', '2010-01-01'),
(321, '公斤', 0, 'HYZ', '黄药子', 34, '3', '2010-10-10', '2010-01-01'),
(322, '公斤', 0, 'GXR', '光杏仁', 66, '3', '2010-10-10', '2010-01-01'),
(323, '公斤', 0, 'ZBB', '炙百部', 33, '3', '2010-10-10', '2010-01-01'),
(324, '公斤', 0, 'SBB', '生百部', 33, '3', '2010-10-10', '2010-01-01'),
(325, '公斤', 0, 'ZZY', '炙紫苑', 13, '3', '2010-10-10', '2010-01-01'),
(326, '公斤', 0, 'KDH', '款冬花', 40, '3', '2010-10-10', '2010-01-01'),
(327, '公斤', 0, 'SZ', '苏子', 11, '3', '2010-10-10', '2010-01-01'),
(328, '公斤', 0, 'SBP', '桑白皮', 8, '3', '2010-10-10', '2010-01-01'),
(329, '公斤', 0, 'PPY', '枇杷叶', 12, '3', '2010-10-10', '2010-01-01'),
(330, '公斤', 0, 'MDL', '马兜铃', 51, '3', '2010-10-10', '2010-01-01'),
(331, '公斤', 0, 'PDM', '平地木', 12, '3', '2010-10-10', '2010-01-01'),
(332, '公斤', 0, 'ZDZ', '猪胆汁', 18, '3', '2010-10-10', '2010-01-01'),
(333, '公斤', 0, 'TLZ', '葶苈子', 7, '3', '2010-10-10', '2010-01-01'),
(334, '公斤', 0, 'BG', '白果', 12, '3', '2010-10-10', '2010-01-01'),
(335, '公斤', 0, 'YJH', '洋金花', 55, '3', '2010-10-10', '2010-01-01'),
(336, '公斤', 0, 'HTY', '胡颓叶', 5, '3', '2010-10-10', '2010-01-01'),
(337, '公斤', 0, 'HC', '?菜', 21, '3', '2010-10-10', '2010-01-01'),
(338, '公斤', 0, 'FEC', '佛耳草', 14, '3', '2010-10-10', '2010-01-01'),
(339, '公斤', 0, 'MGP', '棉根皮', 30, '3', '2010-10-10', '2010-01-01'),
(340, '公斤', 0, 'SGT', '丝瓜藤', 12, '3', '2010-10-10', '2010-01-01'),
(341, '公斤', 0, 'SGL', '丝瓜络', 151, '3', '2010-10-10', '2010-01-01'),
(342, '公斤', 0, 'HGK', '海蛤壳(煅)', 12, '3', '2010-10-10', '2010-01-01'),
(343, '公斤', 0, 'WLZ', '瓦楞子(煅)', 47, '3', '2010-10-10', '2010-01-01'),
(344, '公斤', 0, 'MHD', '木蝴蝶', 35, '3', '2010-10-10', '2010-01-01'),
(345, '公斤', 0, 'PDH', '胖大海', 250, '3', '2010-10-10', '2010-01-01'),
(346, '公斤', 0, 'TZZ', '天竺子', 18, '3', '2010-10-10', '2010-01-01'),
(347, '公斤', 0, 'ZRS', '钟乳石', 12, '3', '2010-10-10', '2010-01-01'),
(348, '公斤', 0, 'SML', '生牡蛎(先)', 31, '3', '2010-10-10', '2010-01-01'),
(349, '公斤', 0, 'DML', '煅牡蛎(先)', 13, '3', '2010-10-10', '2010-01-01'),
(350, '公斤', 0, 'ZZM', '珍珠母(先)', 31, '3', '2010-10-10', '2010-01-01'),
(351, '公斤', 0, 'SJM', '石决明(先)', 31, '3', '2010-10-10', '2010-01-01'),
(352, '公斤', 0, 'DM', '玳瑁', 36, '3', '2010-10-10', '2010-01-01'),
(353, '公斤', 0, 'DZS', '代赭石(先)', 44, '3', '2010-10-10', '2010-01-01'),
(354, '公斤', 0, 'LYJF', '羚羊角粉', 27, '3', '2010-10-10', '2010-01-01'),
(355, '公斤', 0, 'GT', '钩藤(后下)', 10, '3', '2010-10-10', '2010-01-01'),
(356, '公斤', 0, 'MTM', '明天麻', 120, '3', '2010-10-10', '2010-01-01'),
(357, '公斤', 0, 'JMZ', '决明子', 66, '3', '2010-10-10', '2010-01-01'),
(358, '公斤', 0, 'BJL', '白蒺藜', 29, '3', '2010-10-10', '2010-01-01'),
(359, '公斤', 0, 'LDY', '鲁豆衣', 12, '3', '2010-10-10', '2010-01-01'),
(360, '公斤', 0, 'BJC', '白僵蚕*', 14, '3', '2010-10-10', '2010-01-01'),
(361, '公斤', 0, 'QX', '全蝎*', 1200, '3', '2010-10-10', '2010-01-01'),
(362, '公斤', 0, 'WG', '蜈蚣*', 23, '3', '2010-10-10', '2010-01-01'),
(363, '公斤', 0, 'GDL', '广地龙', 55, '3', '2010-10-10', '2010-01-01'),
(364, '公斤', 0, 'SG', '守宫*', 23, '3', '2010-10-10', '2010-01-01'),
(365, '公斤', 0, 'ZSF', '朱砂粉', 55, '3', '2010-10-10', '2010-01-01'),
(366, '公斤', 0, 'LCS', '灵磁石(先)', 24, '3', '2010-10-10', '2010-01-01'),
(367, '公斤', 0, 'SLG', '生龙骨(先)', 20, '3', '2010-10-10', '2010-01-01'),
(368, '公斤', 0, 'DLG', '煅龙骨(先)', 20, '3', '2010-10-10', '2010-01-01'),
(369, '公斤', 0, 'HPF', '琥珀粉', 28, '3', '2010-10-10', '2010-01-01'),
(370, '公斤', 0, 'BZR', '柏子仁', 33, '3', '2010-10-10', '2010-01-01'),
(371, '公斤', 0, 'ZYZ', '炙远志', 33, '3', '2010-10-10', '2010-01-01'),
(372, '公斤', 0, 'QLC', '青龙齿', 66, '3', '2010-10-10', '2010-01-01'),
(373, '公斤', 0, 'SZR', '酸枣仁', 66, '3', '2010-10-10', '2010-01-01'),
(374, '公斤', 0, 'HHH', '合欢花', 210, '3', '2010-10-10', '2010-01-01'),
(375, '公斤', 0, 'HHP', '合欢皮', 22, '3', '2010-10-10', '2010-01-01'),
(376, '公斤', 0, 'YJT', '夜交藤', 35, '3', '2010-10-10', '2010-01-01'),
(377, '公斤', 0, 'SX', '麝香', 2500, '3', '2010-10-10', '2010-01-01'),
(378, '公斤', 0, 'BP', '冰片', 1100, '3', '2010-10-10', '2010-01-01'),
(379, '公斤', 0, 'SHX', '苏合香', 991, '3', '2010-10-10', '2010-01-01'),
(380, '公斤', 0, 'SCP', '石菖蒲', 18, '3', '2010-10-10', '2010-01-01'),
(381, '公斤', 0, 'JSZ', '焦山楂', 14, '3', '2010-10-10', '2010-01-01'),
(382, '公斤', 0, 'SSZ', '生山楂', 33, '3', '2010-10-10', '2010-01-01'),
(383, '公斤', 0, 'JLQ', '焦六曲', 44, '3', '2010-10-10', '2010-01-01'),
(384, '公斤', 0, 'CMY', '炒麦芽', 11, '3', '2010-10-10', '2010-01-01'),
(385, '公斤', 0, 'CGY', '炒谷芽', 237, '3', '2010-10-10', '2010-01-01'),
(386, '公斤', 0, 'LFZ', '莱菔子(炒)', 40, '3', '2010-10-10', '2010-01-01'),
(387, '公斤', 0, 'ZJJ', '炙鸡金', 22, '3', '2010-10-10', '2010-01-01'),
(388, '公斤', 0, 'SJZ', '使君子', 22, '3', '2010-10-10', '2010-01-01'),
(389, '公斤', 0, 'KLGP', '苦楝根皮', 33, '3', '2010-10-10', '2010-01-01'),
(390, '公斤', 0, 'BL', '槟榔', 44, '3', '2010-10-10', '2010-01-01'),
(391, '公斤', 0, 'DFP', '大腹皮', 24, '3', '2010-10-10', '2010-01-01'),
(392, '公斤', 0, 'LW', '雷丸*', 24, '3', '2010-10-10', '2010-01-01'),
(393, '公斤', 0, 'HS', '鹤虱*', 66, '3', '2010-10-10', '2010-01-01'),
(394, '公斤', 0, 'FZ', '榧子', 44, '3', '2010-10-10', '2010-01-01'),
(395, '公斤', 0, 'NGZ', '南瓜子', 26, '3', '2010-10-10', '2010-01-01'),
(396, '公斤', 0, 'WY', '芜荑', 26, '3', '2010-10-10', '2010-01-01'),
(397, '公斤', 0, 'GZ', '贯众*', 22, '3', '2010-10-10', '2010-01-01'),
(398, '公斤', 0, 'HC', '红参', 55, '3', '2010-10-10', '2010-01-01'),
(399, '公斤', 0, 'DC', '党参', 66, '3', '2010-10-10', '2010-01-01'),
(400, '公斤', 0, 'TZC', '太子参', 88, '3', '2010-10-10', '2010-01-01'),
(401, '公斤', 0, 'MDC', '明党参', 55, '3', '2010-10-10', '2010-01-01'),
(402, '公斤', 0, 'ZHQ', '炙黄芪', 88, '3', '2010-10-10', '2010-01-01'),
(403, '公斤', 0, 'HSY', '怀山药', 34, '3', '2010-10-10', '2010-01-01'),
(404, '公斤', 0, 'CBS', '炒白术', 99, '3', '2010-10-10', '2010-01-01'),
(405, '公斤', 0, 'CBD', '炒扁豆', 22, '3', '2010-10-10', '2010-01-01'),
(406, '公斤', 0, 'ZGC', '炙甘草', 52, '3', '2010-10-10', '2010-01-01'),
(407, '公斤', 0, 'DZ', '大枣', 21, '3', '2010-10-10', '2010-01-01'),
(408, '公斤', 0, 'QDG', '全当归', 99, '3', '2010-10-10', '2010-01-01'),
(409, '公斤', 0, 'SDH', '熟地黄', 88, '3', '2010-10-10', '2010-01-01'),
(410, '公斤', 0, 'ZSW', '制首乌', 45, '3', '2010-10-10', '2010-01-01'),
(411, '公斤', 0, 'HBS', '杭白芍', 43, '3', '2010-10-10', '2010-01-01'),
(412, '公斤', 0, 'AJC', '阿胶(烊冲)', 190, '3', '2010-10-10', '2010-01-01'),
(413, '公斤', 0, 'ZHC', '紫河车(粉)', 350, '3', '2010-10-10', '2010-01-01'),
(414, '公斤', 0, 'ZF', '皂矾', 20, '3', '2010-10-10', '2010-01-01'),
(415, '公斤', 0, 'BSC', '北沙参', 14, '3', '2010-10-10', '2010-01-01'),
(416, '公斤', 0, 'NSC', '南沙参', 34, '3', '2010-10-10', '2010-01-01'),
(417, '公斤', 0, 'DMD', '大麦冬', 103, '3', '2010-10-10', '2010-01-01'),
(418, '公斤', 0, 'TMD', '天门冬', 82, '3', '2010-10-10', '2010-01-01'),
(419, '公斤', 0, 'BH', '百合', 74, '3', '2010-10-10', '2010-01-01'),
(420, '公斤', 0, 'XSH', '鲜石斛', 120, '3', '2010-10-10', '2010-01-01'),
(421, '公斤', 0, 'FYZ', '肥玉竹', 22, '3', '2010-10-10', '2010-01-01'),
(422, '公斤', 0, 'HJ', '黄精', 13, '3', '2010-10-10', '2010-01-01'),
(423, '公斤', 0, 'SYR', '山萸肉', 122, '3', '2010-10-10', '2010-01-01'),
(424, '公斤', 0, 'GQZ', '枸杞子', 122, '3', '2010-10-10', '2010-01-01'),
(425, '公斤', 0, 'MHL', '墨旱莲', 23, '3', '2010-10-10', '2010-01-01'),
(426, '公斤', 0, 'NZZ', '女贞子', 44, '3', '2010-10-10', '2010-01-01'),
(427, '公斤', 0, 'ZGB', '炙龟板(先)', 114, '3', '2010-10-10', '2010-01-01'),
(428, '公斤', 0, 'ZBJ', '炙鳖甲(先)', 114, '3', '2010-10-10', '2010-01-01'),
(429, '公斤', 0, 'LR', '鹿茸(研粉)', 290, '3', '2010-10-10', '2010-01-01'),
(430, '公斤', 0, 'LJJ', '鹿角胶', 990, '3', '2010-10-10', '2010-01-01'),
(431, '公斤', 0, 'LJ', '鹿角', 350, '3', '2010-10-10', '2010-01-01'),
(432, '公斤', 0, 'LJS', '鹿角霜', 980, '3', '2010-10-10', '2010-01-01'),
(433, '公斤', 0, 'BJT', '巴戟天', 310, '3', '2010-10-10', '2010-01-01'),
(434, '公斤', 0, 'RCR', '肉苁蓉', 296, '3', '2010-10-10', '2010-01-01'),
(435, '公斤', 0, 'XM', '仙茅', 77, '3', '2010-10-10', '2010-01-01'),
(436, '公斤', 0, 'XLP', '仙灵脾', 89, '3', '2010-10-10', '2010-01-01'),
(437, '公斤', 0, 'CDZ', '炒杜仲', 130, '3', '2010-10-10', '2010-01-01'),
(438, '公斤', 0, 'CXD', '川续断', 235, '3', '2010-10-10', '2010-01-01'),
(439, '公斤', 0, 'ZGJ', '制狗脊', 29, '3', '2010-10-10', '2010-01-01'),
(440, '公斤', 0, 'BGZ', '补骨脂', 77, '3', '2010-10-10', '2010-01-01'),
(441, '公斤', 0, 'GJ', '蛤蚧', 500, '3', '2010-10-10', '2010-01-01'),
(442, '公斤', 0, 'HTR', '胡桃肉', 32, '3', '2010-10-10', '2010-01-01'),
(443, '公斤', 0, 'YZR', '益智仁', 45, '3', '2010-10-10', '2010-01-01'),
(444, '公斤', 0, 'HLB', '胡芦巴', 22, '3', '2010-10-10', '2010-01-01'),
(445, '公斤', 0, 'TSZ', '菟丝子', 20, '3', '2010-10-10', '2010-01-01'),
(446, '公斤', 0, 'TJL', '潼蒺藜', 55, '3', '2010-10-10', '2010-01-01'),
(447, '公斤', 0, 'SY', '锁阳', 16, '3', '2010-10-10', '2010-01-01'),
(448, '公斤', 0, 'JCZ', '韭菜子', 12, '3', '2010-10-10', '2010-01-01'),
(449, '公斤', 0, 'YQS', '阳起石', 34, '3', '2010-10-10', '2010-01-01'),
(450, '公斤', 0, 'HGS', '海狗肾(粉)', 1200, '3', '2010-10-10', '2010-01-01'),
(451, '公斤', 0, 'SSZ', '桑椹子', 25, '3', '2010-10-10', '2010-01-01'),
(452, '公斤', 0, 'FM', '蜂蜜', 108, '3', '2010-10-10', '2010-01-01'),
(453, '公斤', 0, 'YT', '饴糖(冲)', 13, '3', '2010-10-10', '2010-01-01'),
(454, '公斤', 0, 'GYR', '桂圆肉', 35, '3', '2010-10-10', '2010-01-01'),
(455, '公斤', 0, 'HMR', '胡麻仁', 33, '3', '2010-10-10', '2010-01-01'),
(456, '公斤', 0, 'WWZ', '五味子', 77, '3', '2010-10-10', '2010-01-01'),
(457, '公斤', 0, 'WM', '乌梅', 44, '3', '2010-10-10', '2010-01-01'),
(458, '公斤', 0, 'WBZ', '五倍子', 66, '3', '2010-10-10', '2010-01-01'),
(459, '公斤', 0, 'FXM', '浮小麦', 67, '3', '2010-10-10', '2010-01-01'),
(460, '公斤', 0, 'NDG', '糯稻根', 16, '3', '2010-10-10', '2010-01-01'),
(461, '公斤', 0, 'JYZ', '金樱子', 76, '3', '2010-10-10', '2010-01-01'),
(462, '公斤', 0, 'SPS', '桑螵蛸', 49, '3', '2010-10-10', '2010-01-01'),
(463, '公斤', 0, 'FPZ', '复盆子', 11, '3', '2010-10-10', '2010-01-01'),
(464, '公斤', 0, 'LZ', '莲子', 11, '3', '2010-10-10', '2010-01-01'),
(465, '公斤', 0, 'QS', '芡实', 35, '3', '2010-10-10', '2010-01-01'),
(466, '公斤', 0, 'LX', '莲须', 33, '3', '2010-10-10', '2010-01-01'),
(467, '公斤', 0, 'LF', '莲房', 33, '3', '2010-10-10', '2010-01-01'),
(468, '公斤', 0, 'LX', '莲心', 33, '3', '2010-10-10', '2010-01-01'),
(469, '公斤', 0, 'CGP', '椿根皮', 23, '3', '2010-10-10', '2010-01-01'),
(470, '公斤', 0, 'FYC', '凤眼草', 65, '3', '2010-10-10', '2010-01-01'),
(471, '公斤', 0, 'SLP', '石榴皮', 12, '3', '2010-10-10', '2010-01-01'),
(472, '公斤', 0, 'WKZ', '煨柯子', 55, '3', '2010-10-10', '2010-01-01'),
(473, '公斤', 0, 'RDK', '肉豆蔻', 88, '3', '2010-10-10', '2010-01-01'),
(474, '公斤', 0, 'CSZ', '赤石脂', 34, '3', '2010-10-10', '2010-01-01'),
(475, '公斤', 0, 'YYL', '禹余粮', 55, '3', '2010-10-10', '2010-01-01'),
(476, '公斤', 0, 'WZG', '乌贼骨', 39, '3', '2010-10-10', '2010-01-01'),
(477, '公斤', 0, 'SCZ', '蛇床子', 32, '3', '2010-10-10', '2010-01-01'),
(478, '公斤', 0, 'ML', '毛莨*', 22, '3', '2010-10-10', '2010-01-01'),
(479, '公斤', 0, 'LH', '硫磺*', 55, '3', '2010-10-10', '2010-01-01'),
(480, '公斤', 0, 'XH', '雄黄*', 120, '3', '2010-10-10', '2010-01-01'),
(481, '公斤', 0, 'PS', '砒石**', 12, '3', '2010-10-10', '2010-01-01'),
(482, '公斤', 0, 'QF', '轻粉*', 20, '3', '2010-10-10', '2010-01-01'),
(483, '公斤', 0, 'SY', '升药*', 120, '3', '2010-10-10', '2010-01-01'),
(484, '公斤', 0, 'QD', '铅丹*', 23, '3', '2010-10-10', '2010-01-01'),
(485, '公斤', 0, 'LGS', '炉甘石', 23, '3', '2010-10-10', '2010-01-01'),
(486, '公斤', 0, 'PS', '硼砂', 66, '3', '2010-10-10', '2010-01-01'),
(487, '公斤', 0, 'MF', '明矾', 38, '3', '2010-10-10', '2010-01-01'),
(488, '公斤', 0, 'DS', '大蒜', 12, '3', '2010-10-10', '2010-01-01'),
(489, '公斤', 0, 'BM', '斑蝥**', 18, '3', '2010-10-10', '2010-01-01'),
(490, '公斤', 0, 'CS', '蟾酥*', 21, '3', '2010-10-10', '2010-01-01'),
(491, '公斤', 0, 'MQZ', '马钱子**', 253, '3', '2010-10-10', '2010-01-01'),
(492, '公斤', 0, 'CS', '常山*', 34, '3', '2010-10-10', '2010-01-01'),
(493, '公斤', 0, 'FRY', '芙蓉叶', 5, '3', '2010-10-10', '2010-01-01'),
(494, '公斤', 0, 'MJP', '木槿皮', 49, '3', '2010-10-10', '2010-01-01'),
(495, '公斤', 0, 'SX', '松香', 542, '3', '2010-10-10', '2010-01-01'),
(496, '公斤', 0, 'ZN', '樟脑', 38, '3', '2010-10-10', '2010-01-01'),
(497, '公斤', 0, 'DFZ', '大枫子*', 23, '3', '2010-10-10', '2010-01-01'),
(498, '公斤', 0, 'EC', '儿茶', 452, '3', '2010-10-10', '2010-01-01'),
(499, '公斤', 0, 'NS', '硇砂*', 432, '3', '2010-10-10', '2010-01-01'),
(500, '公斤', 0, 'SH', '石灰', 39, '3', '2010-10-10', '2010-01-01'),
(501, '公斤', 0, 'RZB', '人中白', 22, '3', '2010-10-10', '2010-01-01'),
(502, '公斤', 0, 'LL', '辣蓼', 18, '3', '2010-10-10', '2010-01-01'),
(503, '公斤', 0, 'SGC', '生甘草', 23, '3', '2010-10-10', '2010-01-01'),
(504, '公斤', 0, 'TK', '天葵', 20, '3', '2010-10-10', '2010-01-01'),
(505, '公斤', 0, 'TKZ', '天葵子', 23, '3', '2010-10-10', '2010-01-01'),
(506, '公斤', 0, 'XJ', '犀角', 555, '3', '2010-10-10', '2010-01-01'),
(507, '公斤', 0, 'XYC', '西洋参', 139, '3', '2010-10-10', '2010-01-01'),
(508, '公斤', 0, 'GW', '归尾', 23, '3', '2010-10-10', '2010-01-01'),
(509, '公斤', 0, 'GS', '归身', 51, '3', '2010-10-10', '2010-01-01'),
(510, '公斤', 0, 'GT', '归头', 14, '3', '2010-10-10', '2010-01-01'),
(511, '公斤', 0, 'CFL', '赤茯苓', 45, '3', '2010-10-10', '2010-01-01'),
(512, '公斤', 0, 'BXQ', '半夏曲', 67, '3', '2010-10-10', '2010-01-01'),
(513, '公斤', 0, 'DSG', '煅石膏', 22, '3', '2010-10-10', '2010-01-01'),
(514, '公斤', 0, 'SHQ', '生黄芪', 99, '3', '2010-10-10', '2010-01-01'),
(515, '公斤', 0, 'GDH', '干地黄', 234, '3', '2010-10-10', '2010-01-01'),
(516, '公斤', 0, 'YKZ', '一口钟', 44, '3', '2010-10-10', '2010-01-01'),
(517, '公斤', 0, 'NM', '糯米', 29, '3', '2010-10-10', '2010-01-01'),
(518, '公斤', 0, 'JM', '粳米', 10, '3', '2010-10-10', '2010-01-01'),
(519, '公斤', 0, 'BT', '冰糖', 33, '3', '2010-10-10', '2010-01-01'),
(520, '公斤', 0, 'MYQ', '麦芽曲', 16, '3', '2010-10-10', '2010-01-01'),
(521, '公斤', 0, 'SF', '鼠妇', 16, '3', '2010-10-10', '2010-01-01'),
(522, '公斤', 0, 'KB', '昆布', 33, '3', '2010-10-10', '2010-01-01'),
(523, '公斤', 0, 'JP', '橘皮', 33, '3', '2010-10-10', '2010-01-01'),
(524, '公斤', 0, 'LY', '莲叶', 22, '3', '2010-10-10', '2010-01-01'),
(525, '公斤', 0, 'FS', '茯神', 55, '3', '2010-10-10', '2010-01-01'),
(526, '公斤', 0, 'YSK', '罂粟壳', 58, '3', '2010-10-10', '2010-01-01'),
(527, '公斤', 0, 'SOJ', '生藕节', 40, '3', '2010-10-10', '2010-01-01'),
(528, '公斤', 0, 'STL', '生铁落', 46, '3', '2010-10-10', '2010-01-01'),
(529, '公斤', 0, 'SZR', '松子仁', 13, '3', '2010-10-10', '2010-01-01'),
(530, '公斤', 0, 'JZ', '金汁', 105, '3', '2010-10-10', '2010-01-01'),
(531, '公斤', 0, 'BC', '白参', 220, '3', '2010-10-10', '2010-01-01'),
(532, '公斤', 0, 'SSC', '生晒参', 235, '3', '2010-10-10', '2010-01-01'),
(533, '公斤', 0, 'CX', '参须', 55, '3', '2010-10-10', '2010-01-01'),
(534, '公斤', 0, 'GSB', '骨碎补', 45, '3', '2010-10-10', '2010-01-01'),
(535, '公斤', 0, 'HD', '海带', 23, '3', '2010-10-10', '2010-01-01'),
(536, '公斤', 0, 'HPS', '海螵蛸', 12, '3', '2010-10-10', '2010-01-01'),
(537, '公斤', 0, 'RC', '人参', 320, '3', '2010-10-10', '2010-01-01'),
(538, '公斤', 0, 'DJT', '大蓟炭', 69, '3', '2010-10-10', '2010-01-01'),
(539, '公斤', 0, 'XJT', '小蓟炭', 35, '3', '2010-10-10', '2010-01-01'),
(540, '公斤', 0, 'XMF', '玄明粉(冲)', 33, '3', '2010-10-10', '2010-01-01'),
(541, '公斤', 0, 'QDC', '青豆豉', 21, '3', '2010-10-10', '2010-01-01'),
(542, '公斤', 0, 'C', '葱', 6, '3', '2010-10-10', '2010-01-01'),
(543, '公斤', 0, 'SSG', '熟石膏', 8, '3', '2010-10-10', '2010-01-01'),
(544, '公斤', 0, 'JC', '蕺菜', 23, '3', '2010-10-10', '2010-01-01'),
(545, '公斤', 0, 'DPT', '丹皮炭', 77, '3', '2010-10-10', '2010-01-01'),
(546, '公斤', 0, 'HG', '荷梗', 20, '3', '2010-10-10', '2010-01-01'),
(547, '公斤', 0, 'SYQ', '蜀羊泉', 34, '3', '2010-10-10', '2010-01-01'),
(548, '公斤', 0, 'MFJ', '木防己', 66, '3', '2010-10-10', '2010-01-01'),
(549, '公斤', 0, 'HFJ', '汉防己', 88, '3', '2010-10-10', '2010-01-01'),
(550, '公斤', 0, 'HG', '虎骨', 2500, '3', '2010-10-10', '2010-01-01'),
(551, '公斤', 0, 'JGC', '金刚刺', 10, '3', '2010-10-10', '2010-01-01'),
(552, '公斤', 0, 'CCS', '炒苍术', 142, '3', '2010-10-10', '2010-01-01'),
(553, '公斤', 0, 'ZCS', '制苍术', 341, '3', '2010-10-10', '2010-01-01'),
(554, '公斤', 0, 'HPH', '厚朴花', 206, '3', '2010-10-10', '2010-01-01'),
(555, '公斤', 0, 'SRK', '砂仁壳', 59, '3', '2010-10-10', '2010-01-01'),
(556, '公斤', 0, 'SRH', '砂仁花', 49, '3', '2010-10-10', '2010-01-01'),
(557, '公斤', 0, 'DKK', '豆蔻壳', 33, '3', '2010-10-10', '2010-01-01'),
(558, '公斤', 0, 'DKH', '豆蔻花', 30, '3', '2010-10-10', '2010-01-01'),
(559, '公斤', 0, 'SFZ', '生附子*', 18, '3', '2010-10-10', '2010-01-01'),
(560, '公斤', 0, 'MDX', '母丁香', 11, '3', '2010-10-10', '2010-01-01'),
(561, '公斤', 0, 'CHX', '炒茴香', 12, '3', '2010-10-10', '2010-01-01'),
(562, '公斤', 0, 'DHX', '大茴香', 23, '3', '2010-10-10', '2010-01-01'),
(563, '公斤', 0, 'JY', '橘叶', 55, '3', '2010-10-10', '2010-01-01'),
(564, '公斤', 0, 'ZS', '枳实', 131, '3', '2010-10-10', '2010-01-01'),
(565, '公斤', 0, 'ZK', '枳壳', 281, '3', '2010-10-10', '2010-01-01'),
(566, '公斤', 0, 'MX', '木香', 26, '3', '2010-10-10', '2010-01-01'),
(567, '公斤', 0, 'TNX', '土牛膝', 55, '3', '2010-10-10', '2010-01-01'),
(568, '公斤', 0, 'ZLBX', '竹沥半夏', 26, '3', '2010-10-10', '2010-01-01'),
(569, '公斤', 0, 'XBM', '象贝母', 20, '3', '2010-10-10', '2010-01-01'),
(570, '公斤', 0, 'ZY', '紫苑', 62, '3', '2010-10-10', '2010-01-01'),
(571, '公斤', 0, 'YX', '银杏', 25, '3', '2010-10-10', '2010-01-01'),
(572, '公斤', 0, 'EGS', '鹅管石', 45, '3', '2010-10-10', '2010-01-01'),
(573, '公斤', 0, 'ZZ', '珍珠', 137, '3', '2010-10-10', '2010-01-01'),
(574, '公斤', 0, 'ZBC', '紫贝齿', 137, '3', '2010-10-10', '2010-01-01'),
(575, '公斤', 0, 'SCP', '水菖蒲', 29, '3', '2010-10-10', '2010-01-01'),
(576, '公斤', 0, 'LFY', '莱菔英', 16, '3', '2010-10-10', '2010-01-01'),
(577, '公斤', 0, 'LFZ', '莱菔汁', 18, '3', '2010-10-10', '2010-01-01'),
(578, '公斤', 0, 'KLY', '苦楝叶', 18, '3', '2010-10-10', '2010-01-01'),
(579, '公斤', 0, 'BDY', '扁豆衣', 22, '3', '2010-10-10', '2010-01-01'),
(580, '公斤', 0, 'BDH', '扁豆花', 55, '3', '2010-10-10', '2010-01-01'),
(581, '公斤', 0, 'TPF', '胎盘粉', 97, '3', '2010-10-10', '2010-01-01'),
(582, '公斤', 0, 'SH', '石斛', 21, '3', '2010-10-10', '2010-01-01'),
(583, '公斤', 0, 'HLC', '旱莲草', 22, '3', '2010-10-10', '2010-01-01'),
(584, '公斤', 0, 'YYH', '淫羊藿', 55, '3', '2010-10-10', '2010-01-01'),
(585, '公斤', 0, 'PGZ', '破故纸', 97, '3', '2010-10-10', '2010-01-01'),
(586, '公斤', 0, 'KF', '枯矾', 38, '3', '2010-10-10', '2010-01-01'),
(587, '公斤', 0, 'MY', '麻油', 31, '3', '2010-10-10', '2010-01-01'),
(588, '公斤', 0, 'HJ', '黄酒', 12, '3', '2010-10-10', '2010-01-01'),
(589, '公斤', 0, 'BJ', '白酒', 27, '3', '2010-10-10', '2010-01-01'),
(590, '公斤', 0, 'SC', '食醋', 27, '3', '2010-10-10', '2010-01-01'),
(591, '公斤', 0, 'CSZ', '楮实子', 14, '3', '2010-10-10', '2010-01-01'),
(592, '公斤', 0, 'WS', '瓦松', 21, '3', '2010-10-10', '2010-01-01'),
(593, '公斤', 0, 'HZ', '槐枝', 12, '3', '2010-10-10', '2010-01-01'),
(594, '公斤', 0, 'SB', '蒜瓣', 6, '3', '2010-10-10', '2010-01-01'),
(595, '公斤', 0, 'HT', '红糖', 10, '3', '2010-10-10', '2010-01-01'),
(596, '公斤', 0, 'BT', '白糖', 10, '3', '2010-10-10', '2010-01-01'),
(597, '公斤', 0, 'LR', '鹿肉', 20, '3', '2010-10-10', '2010-01-01'),
(598, '公斤', 0, 'HSW', '何首乌', 36, '3', '2010-10-10', '2010-01-01'),
(599, '公斤', 0, 'MLZ', '马蔺子', 23, '3', '2010-10-10', '2010-01-01'),
(600, '公斤', 0, 'DXC', '灯心草', 19, '3', '2010-10-10', '2010-01-01'),
(601, '公斤', 0, 'MLH', '马蔺花', 12, '3', '2010-10-10', '2010-01-01'),
(602, '公斤', 0, 'SDT', '生地炭', 77, '3', '2010-10-10', '2010-01-01'),
(603, '公斤', 0, 'HXM', '淮小麦', 12, '3', '2010-10-10', '2010-01-01'),
(604, '公斤', 0, 'JXZ', '急性子*', 12, '3', '2010-10-10', '2010-01-01'),
(605, '公斤', 0, 'ZX', '蚤休', 44, '3', '2010-10-10', '2010-01-01'),
(606, '公斤', 0, 'JN', '酒酿', 4, '3', '2010-10-10', '2010-01-01'),
(607, '公斤', 0, 'RRZ', '人乳汁', 67, '3', '2010-10-10', '2010-01-01'),
(608, '公斤', 0, 'QLY', '青龙衣', 120, '3', '2010-10-10', '2010-01-01'),
(609, '公斤', 0, 'FXM', '分心木', 23, '3', '2010-10-10', '2010-01-01'),
(610, '公斤', 0, 'HY', '獾油', 9, '3', '2010-10-10', '2010-01-01'),
(611, '公斤', 0, 'BCS', '百草霜', 25, '3', '2010-10-10', '2010-01-01'),
(612, '公斤', 0, 'ZSY', '紫石英', 34, '3', '2010-10-10', '2010-01-01'),
(613, '公斤', 0, 'HSS', '寒水石', 56, '3', '2010-10-10', '2010-01-01'),
(614, '公斤', 0, 'YM', '云母', 37, '3', '2010-10-10', '2010-01-01'),
(615, '公斤', 0, 'WMY', '无名异', 45, '3', '2010-10-10', '2010-01-01'),
(616, '公斤', 0, 'BSY', '白石英', 28, '3', '2010-10-10', '2010-01-01'),
(617, '公斤', 0, 'LFF', '露蜂房*', 64, '3', '2010-10-10', '2010-01-01'),
(618, '公斤', 0, 'HS', '黄鳝', 12, '3', '2010-10-10', '2010-01-01'),
(619, '公斤', 0, 'LG', '蝼蛄', 14, '3', '2010-10-10', '2010-01-01'),
(620, '公斤', 0, 'QL', '蜣螂*', 24, '3', '2010-10-10', '2010-01-01'),
(621, '公斤', 0, 'WN', '蜗牛*', 40, '3', '2010-10-10', '2010-01-01'),
(622, '公斤', 0, 'QC', '蛴螬', 21, '3', '2010-10-10', '2010-01-01'),
(623, '公斤', 0, 'WYS', '望月砂', 16, '3', '2010-10-10', '2010-01-01'),
(624, '公斤', 0, 'XHL', '鲜海螺', 99, '3', '2010-10-10', '2010-01-01'),
(625, '公斤', 0, 'HY', '海燕', 17, '3', '2010-10-10', '2010-01-01'),
(626, '公斤', 0, 'HD', '海胆*', 77, '3', '2010-10-10', '2010-01-01'),
(627, '公斤', 0, 'GB', '狗宝', 321, '3', '2010-10-10', '2010-01-01'),
(628, '公斤', 0, 'YNS', '鱼脑石', 123, '3', '2010-10-10', '2010-01-01'),
(629, '公斤', 0, 'YB', '鱼鳔', 169, '3', '2010-10-10', '2010-01-01'),
(630, '公斤', 0, 'CW', '刺猬', 29, '3', '2010-10-10', '2010-01-01'),
(631, '公斤', 0, 'YMS', '夜明砂', 33, '3', '2010-10-10', '2010-01-01'),
(632, '公斤', 0, 'XHM', '小海马', 200, '3', '2010-10-10', '2010-01-01'),
(633, '公斤', 0, 'DHM', '大海马', 250, '3', '2010-10-10', '2010-01-01'),
(634, '公斤', 0, 'XHL', '小海龙', 360, '3', '2010-10-10', '2010-01-01'),
(635, '公斤', 0, 'MB', '马宝', 350, '3', '2010-10-10', '2010-01-01'),
(636, '公斤', 0, 'SH', '石花', 23, '3', '2010-10-10', '2010-01-01'),
(637, '公斤', 0, 'ZJZ', '皂荚子', 12, '3', '2010-10-10', '2010-01-01'),
(638, '公斤', 0, 'BMZ', '蓖麻子', 12, '3', '2010-10-10', '2010-01-01'),
(639, '公斤', 0, 'BMY', '蓖麻叶', 12, '3', '2010-10-10', '2010-01-01'),
(640, '公斤', 0, 'HD', '黑豆', 5, '3', '2010-10-10', '2010-01-01'),
(641, '公斤', 0, 'HDY', '黑豆衣', 9, '3', '2010-10-10', '2010-01-01'),
(642, '公斤', 0, 'HZM', '黑芝麻', 18, '3', '2010-10-10', '2010-01-01'),
(643, '公斤', 0, 'CZ', '葱子', 22, '3', '2010-10-10', '2010-01-01'),
(644, '公斤', 0, 'WTZ', '梧桐子', 220, '3', '2010-10-10', '2010-01-01'),
(645, '公斤', 0, 'LDY', '绿豆衣', 25, '3', '2010-10-10', '2010-01-01'),
(646, '公斤', 0, 'TN', '桃奴', 12, '3', '2010-10-10', '2010-01-01'),
(647, '公斤', 0, 'HD', '荷蒂', 12, '3', '2010-10-10', '2010-01-01'),
(648, '公斤', 0, 'HH', '荷花', 123, '3', '2010-10-10', '2010-01-01'),
(649, '公斤', 0, 'YTZ', '芸苔子', 15, '3', '2010-10-10', '2010-01-01'),
(650, '公斤', 0, 'YCZ', '油菜子', 18, '3', '2010-10-10', '2010-01-01'),
(651, '公斤', 0, 'TXZ', '天仙子', 19, '3', '2010-10-10', '2010-01-01'),
(652, '公斤', 0, 'GJ', '枸橘', 16, '3', '2010-10-10', '2010-01-01'),
(653, '公斤', 0, 'JSZ', '巨胜子', 13, '3', '2010-10-10', '2010-01-01'),
(654, '公斤', 0, 'WHG', '无花果', 19, '3', '2010-10-10', '2010-01-01'),
(655, '公斤', 0, 'TXT', '天仙藤', 22, '3', '2010-10-10', '2010-01-01'),
(656, '公斤', 0, 'MJH', '木槿花', 88, '3', '2010-10-10', '2010-01-01'),
(657, '公斤', 0, 'JB', '卷柏', 23, '3', '2010-10-10', '2010-01-01'),
(658, '公斤', 0, 'GLH', '过路黄', 18, '3', '2010-10-10', '2010-01-01'),
(659, '公斤', 0, 'LD', '狼毒**', 231, '3', '2010-10-10', '2010-01-01'),
(660, '公斤', 0, 'HNX', '怀牛膝', 25, '3', '2010-10-10', '2010-01-01'),
(661, '公斤', 0, 'L', '梨', 174, '3', '2010-10-10', '2010-01-01'),
(662, '公斤', 0, 'BQ', '荸荠', 350, '3', '2010-10-10', '2010-01-01'),
(663, '公斤', 0, 'HZ', '海蜇', 50, '3', '2010-10-10', '2010-01-01'),
(664, '公斤', 0, 'SGB', '生龟板(先)', 60, '3', '2010-10-10', '2010-01-01'),
(665, '公斤', 0, 'SBJ', '生鳖甲(先)', 55, '3', '2010-10-10', '2010-01-01'),
(666, '公斤', 0, 'MR', '麻仁', 29, '3', '2010-10-10', '2010-01-01'),
(667, '公斤', 0, 'LJP', '鹿角片', 250, '3', '2010-10-10', '2010-01-01'),
(668, '公斤', 0, 'GX', '桂心', 88, '3', '2010-10-10', '2010-01-01'),
(669, '公斤', 0, 'GG', '官桂', 317, '3', '2010-10-10', '2010-01-01'),
(670, '公斤', 0, 'GBJ', '龟板胶', 800, '3', '2010-10-10', '2010-01-01'),
(671, '公斤', 0, 'JM', '椒目', 23, '3', '2010-10-10', '2010-01-01'),
(672, '公斤', 0, 'SMH', '生麻黄', 57, '3', '2010-10-10', '2010-01-01'),
(673, '公斤', 0, 'JJS', '荆芥穗', 22, '3', '2010-10-10', '2010-01-01'),
(674, '公斤', 0, 'FF', '防风', 61, '3', '2010-10-10', '2010-01-01'),
(675, '公斤', 0, 'BZ', '白芷', 123, '3', '2010-10-10', '2010-01-01'),
(676, '公斤', 0, 'GB', '藁本', 23, '3', '2010-10-10', '2010-01-01');
INSERT INTO `medicine` (`ID`, `UNIT`, `SHELF_LIFE`, `NAME_ALIAS`, `NAME`, `QUANTITY`, `UNIT_PRICE`, `BUY_DATE`, `PRODUCT_DATE`) VALUES
(677, '公斤', 0, 'NBZ', '牛蒡子', 32, '3', '2010-10-10', '2010-01-01'),
(678, '公斤', 0, 'JH', '菊花', 62, '3', '2010-10-10', '2010-01-01'),
(679, '公斤', 0, 'HJH', '杭菊花', 22, '3', '2010-10-10', '2010-01-01'),
(680, '公斤', 0, 'GG', '葛根', 26, '3', '2010-10-10', '2010-01-01'),
(681, '公斤', 0, 'XH', '西黄', 260, '3', '2010-10-10', '2010-01-01'),
(682, '公斤', 0, 'ZDH', '制大黄', 35, '3', '2010-10-10', '2010-01-01'),
(683, '公斤', 0, 'XHX', '鲜藿香', 22, '3', '2010-10-10', '2010-01-01'),
(684, '公斤', 0, 'SMR', '生米仁', 12, '3', '2010-10-10', '2010-01-01'),
(685, '公斤', 0, 'SMR', '熟米仁', 11, '3', '2010-10-10', '2010-01-01'),
(686, '公斤', 0, 'SD', '升丹*', 780, '3', '2010-10-10', '2010-01-01'),
(687, '公斤', 0, 'SYJL', '沙苑蒺藜', 100, '3', '2010-10-10', '2010-01-01'),
(688, '公斤', 0, 'CWP', '刺猬皮', 125, '3', '2010-10-10', '2010-01-01'),
(689, '公斤', 0, 'CH', '柴胡', 49, '3', '2010-10-10', '2010-01-01'),
(690, '公斤', 0, 'NCH', '南柴胡', 15, '3', '2010-10-10', '2010-01-01'),
(691, '公斤', 0, 'BCH', '北柴胡', 30, '3', '2010-10-10', '2010-01-01'),
(692, '公斤', 0, 'CHL', '炒黄连', 39, '3', '2010-10-10', '2010-01-01'),
(693, '公斤', 0, 'HQ', '黄芩', 28, '3', '2010-10-10', '2010-01-01'),
(694, '公斤', 0, 'CHB', '川黄柏', 45, '3', '2010-10-10', '2010-01-01'),
(695, '公斤', 0, 'SZZ', '生栀子', 34, '3', '2010-10-10', '2010-01-01'),
(696, '公斤', 0, 'ZZ', '栀子', 75, '3', '2010-10-10', '2010-01-01'),
(697, '公斤', 0, 'YC', '元参', 25, '3', '2010-10-10', '2010-01-01'),
(698, '公斤', 0, 'HEC', '虎耳草', 5, '3', '2010-10-10', '2010-01-01'),
(699, '公斤', 0, 'GTC', '梗通草', 111, '3', '2010-10-10', '2010-01-01'),
(700, '公斤', 0, 'HJS', '海金沙(包)', 22, '3', '2010-10-10', '2010-01-01'),
(701, '公斤', 0, 'GLG', '干芦根', 12, '3', '2010-10-10', '2010-01-01'),
(702, '公斤', 0, 'LLT', '路路通', 23, '3', '2010-10-10', '2010-01-01'),
(703, '公斤', 0, 'QYYZH', '七叶一枝花', 54, '3', '2010-10-10', '2010-01-01'),
(704, '公斤', 0, 'XYP', '香橼皮', 12, '3', '2010-10-10', '2010-01-01'),
(705, '公斤', 0, 'BTG', '碧桃干', 55, '3', '2010-10-10', '2010-01-01'),
(706, '公斤', 0, 'JC', '韭菜', 6, '3', '2010-10-10', '2010-01-01'),
(707, '公斤', 0, 'LX', '鹿血', 90, '3', '2010-10-10', '2010-01-01'),
(708, '公斤', 0, 'LB', '鹿鞭', 21, '3', '2010-10-10', '2010-01-01'),
(709, '公斤', 0, 'MJ', '米酒', 5, '3', '2010-10-10', '2010-01-01'),
(710, '公斤', 0, 'CM', '陈米', 16, '3', '2010-10-10', '2010-01-01'),
(711, '公斤', 0, 'J', '酱', 7, '3', '2010-10-10', '2010-01-01'),
(712, '公斤', 0, 'LHG', '罗汉果', 18, '3', '2010-10-10', '2010-01-01'),
(713, '公斤', 0, 'WGJ', '乌骨鸡', 33, '3', '2010-10-10', '2010-01-01'),
(714, '公斤', 0, 'DG', '冬瓜', 5, '3', '2010-10-10', '2010-01-01'),
(715, '公斤', 0, 'SG', '丝瓜', 5, '3', '2010-10-10', '2010-01-01'),
(716, '公斤', 0, 'XM', '籼米', 5, '3', '2010-10-10', '2010-01-01'),
(717, '公斤', 0, 'CY', '茶叶', 12, '3', '2010-10-10', '2010-01-01'),
(718, '公斤', 0, 'GH', '桂花', 9, '3', '2010-10-10', '2010-01-01'),
(719, '公斤', 0, 'XG', '西瓜', 27, '3', '2010-10-10', '2010-01-01'),
(720, '公斤', 0, 'GZ', '甘蔗', 110, '3', '2010-10-10', '2010-01-01'),
(721, '公斤', 0, 'HME', '黑木耳', 47, '3', '2010-10-10', '2010-01-01'),
(722, '公斤', 0, 'YE', '银耳', 15, '3', '2010-10-10', '2010-01-01'),
(723, '公斤', 0, 'HTG', '猴头菇', 55, '3', '2010-10-10', '2010-01-01'),
(724, '公斤', 0, 'MG', '蘑菇', 12, '3', '2010-10-10', '2010-01-01'),
(725, '公斤', 0, 'PG', '平菇', 7, '3', '2010-10-10', '2010-01-01'),
(726, '公斤', 0, 'XG', '香菇', 26, '3', '2010-10-10', '2010-01-01'),
(727, '公斤', 0, 'DH', '蛋黄', 12, '3', '2010-10-10', '2010-01-01'),
(728, '公斤', 0, 'SY', '食盐', 5, '3', '2010-10-10', '2010-01-01'),
(729, '公斤', 0, 'CPH', '炒蒲黄', 17, '3', '2010-10-10', '2010-01-01'),
(730, '公斤', 0, 'OZ', '藕汁', 15, '3', '2010-10-10', '2010-01-01'),
(731, '公斤', 0, 'JZ', '韭汁', 24, '3', '2010-10-10', '2010-01-01'),
(732, '公斤', 0, 'SJZ', '生姜汁', 25, '3', '2010-10-10', '2010-01-01'),
(733, '公斤', 0, 'LZ', '梨汁', 784, '3', '2010-10-10', '2010-01-01'),
(734, '公斤', 0, 'NR', '牛乳', 18, '3', '2010-10-10', '2010-01-01'),
(735, '公斤', 0, 'TNX', '天南星', 25, '3', '2010-10-10', '2010-01-01'),
(736, '公斤', 0, 'CJM', '草决明', 45, '3', '2010-10-10', '2010-01-01'),
(737, '公斤', 0, 'LSQ', '六神曲', 21, '3', '2010-10-10', '2010-01-01'),
(738, '公斤', 0, 'CSJ', '穿山甲', 250, '3', '2010-10-10', '2010-01-01'),
(739, '公斤', 0, 'GC', '甘草', 47, '3', '2010-10-10', '2010-01-01'),
(740, '公斤', 0, 'DH', '大黄', 23, '3', '2010-10-10', '2010-01-01'),
(741, '公斤', 0, 'EBSC', '鹅不食草', 12, '3', '2010-10-10', '2010-01-01'),
(742, '公斤', 0, 'QLG', '千里光*', 24, '3', '2010-10-10', '2010-01-01'),
(743, '公斤', 0, 'YYR', '薏苡仁', 12, '3', '2010-10-10', '2010-01-01'),
(744, '公斤', 0, 'CHH', '藏红花', 13, '3', '2010-10-10', '2010-01-01'),
(745, '公斤', 0, 'LYJ', '羚羊角', 2500, '3', '2010-10-10', '2010-01-01'),
(746, '公斤', 0, 'LR', '鹿茸', 3500, '3', '2010-10-10', '2010-01-01'),
(747, '公斤', 0, 'TJP', '土槿皮', 12, '3', '2010-10-10', '2010-01-01'),
(748, '公斤', 0, 'JJ', '75％酒精', 28, '3', '2010-10-10', '2010-01-01'),
(749, '公斤', 0, 'BH', '薄荷', 12, '3', '2010-10-10', '2010-01-01'),
(750, '公斤', 0, 'MBZ', '木鳖子**', 69, '3', '2010-10-10', '2010-01-01'),
(751, '公斤', 0, 'YYFSL', '医用凡士林', 15, '3', '2010-10-10', '2010-01-01'),
(752, '公斤', 0, 'HP', '红砒**', 60, '3', '2010-10-10', '2010-01-01'),
(753, '公斤', 0, 'BP', '白砒**', 77, '3', '2010-10-10', '2010-01-01'),
(754, '公斤', 0, 'AW', '阿魏', 90, '3', '2010-10-10', '2010-01-01'),
(755, '公斤', 0, 'SY', '水银**', 250, '3', '2010-10-10', '2010-01-01'),
(756, '公斤', 0, 'AXX', '安息香', 17, '3', '2010-10-10', '2010-01-01'),
(757, '公斤', 0, 'FXZ', '枫香脂', 250, '3', '2010-10-10', '2010-01-01'),
(758, '公斤', 0, 'BJX', '白胶香', 350, '3', '2010-10-10', '2010-01-01'),
(759, '公斤', 0, 'ZQ', '泽漆', 25, '3', '2010-10-10', '2010-01-01'),
(760, '公斤', 0, 'MYC', '猫眼草', 16, '3', '2010-10-10', '2010-01-01'),
(761, '公斤', 0, 'MTS', '密陀僧*', 99, '3', '2010-10-10', '2010-01-01'),
(762, '公斤', 0, 'GY', '甘油', 55, '3', '2010-10-10', '2010-01-01'),
(763, '公斤', 0, 'ZLS', '蒸馏水', 9, '3', '2010-10-10', '2010-01-01'),
(764, '公斤', 0, 'QS', '清水', 39, '3', '2010-10-10', '2010-01-01'),
(765, '公斤', 0, 'MF', '米饭', 31, '3', '2010-10-10', '2010-01-01'),
(766, '公斤', 0, 'HS', '滑石', 67, '3', '2010-10-10', '2010-01-01'),
(767, '公斤', 0, 'SDH', '生大黄', 94, '3', '2010-10-10', '2010-01-01'),
(768, '公斤', 0, 'MX', '芒硝', 84, '3', '2010-10-10', '2010-01-01'),
(769, '公斤', 0, 'SML', '生牡蛎', 55, '3', '2010-10-10', '2010-01-01'),
(770, '公斤', 0, 'DML', '煅牡蛎', 28, '3', '2010-10-10', '2010-01-01'),
(771, '公斤', 0, 'SJM', '石决明', 68, '3', '2010-10-10', '2010-01-01'),
(772, '公斤', 0, 'ZZM', '珍珠母', 45, '3', '2010-10-10', '2010-01-01'),
(773, '公斤', 0, 'ZS', '朱砂', 13, '3', '2010-10-10', '2010-01-01'),
(774, '公斤', 0, 'AJ', '阿胶', 120, '3', '2010-10-10', '2010-01-01'),
(775, '公斤', 0, 'AJZ', '阿胶珠', 250, '3', '2010-10-10', '2010-01-01'),
(776, '公斤', 0, 'ZHC', '紫河车', 44, '3', '2010-10-10', '2010-01-01'),
(777, '公斤', 0, 'SCW', '生川乌', 15, '3', '2010-10-10', '2010-01-01'),
(778, '公斤', 0, 'SCW', '生草乌', 12, '3', '2010-10-10', '2010-01-01'),
(779, '公斤', 0, 'SBX', '生半夏', 15, '3', '2010-10-10', '2010-01-01'),
(780, '公斤', 0, 'FXH', '凤仙花', 21, '3', '2010-10-10', '2010-01-01'),
(781, '公斤', 0, 'FXTGC', '凤仙透骨草', 96, '3', '2010-10-10', '2010-01-01'),
(782, '公斤', 0, 'SRX', '生乳香', 43, '3', '2010-10-10', '2010-01-01'),
(783, '公斤', 0, 'SMY', '生没药', 43, '3', '2010-10-10', '2010-01-01'),
(784, '公斤', 0, 'SHS', '石灰水', 5, '3', '2010-10-10', '2010-01-01');

-- --------------------------------------------------------

--
-- Table structure for table `medicine_info`
--

CREATE TABLE IF NOT EXISTS `medicine_info` (
  `ID` int(11) NOT NULL,
  `MEDICINE_PRICE` double DEFAULT NULL,
  `MEDICINE_QUANTITY` int(11) DEFAULT NULL,
  `MEDCINE_ID` bigint(20) DEFAULT NULL,
  `RECIPE_ID` bigint(20) DEFAULT NULL,
  PRIMARY KEY (`ID`),
  KEY `FK_MEDICINE_INFO_RECIPE_ID` (`RECIPE_ID`),
  KEY `FK_MEDICINE_INFO_MEDCINE_ID` (`MEDCINE_ID`)
) ENGINE=MyISAM DEFAULT CHARSET=utf8 COLLATE=utf8_bin;

--
-- Dumping data for table `medicine_info`
--

INSERT INTO `medicine_info` (`ID`, `MEDICINE_PRICE`, `MEDICINE_QUANTITY`, `MEDCINE_ID`, `RECIPE_ID`) VALUES
(351, 30, 10, 440, 1),
(353, 30, 10, 754, 1),
(352, 30, 10, 419, 1),
(357, 30, 10, 638, 2),
(356, 30, 10, 754, 2),
(358, 30, 10, 165, 2),
(355, 30, 10, 419, 2),
(354, 30, 10, 440, 2),
(402, 60, 20, 384, 3),
(404, 30, 10, 457, 3),
(403, 30, 10, 339, 3),
(401, 30, 10, 433, 3),
(451, 30, 10, 433, 4),
(452, 30, 10, 638, 4),
(453, 30, 10, 504, 4),
(454, 30, 10, 433, 5),
(455, 30, 10, 638, 5),
(456, 30, 10, 370, 5),
(503, 30, 10, 128, 6),
(504, 30, 10, 580, 6),
(502, 30, 10, 753, 6),
(505, 30, 10, 32, 6),
(506, 30, 10, 158, 6),
(501, 30, 10, 596, 6),
(508, 30, 10, 639, 7),
(509, 30, 10, 758, 7),
(507, 30, 10, 65, 7),
(510, 30, 10, 231, 7),
(512, 30, 10, 302, 8),
(513, 30, 10, 419, 8),
(514, 30, 10, 208, 8),
(511, 30, 10, 758, 8),
(551, 30, 10, 552, 9),
(552, 100, 10, 2, 9);

-- --------------------------------------------------------

--
-- Table structure for table `patient`
--

CREATE TABLE IF NOT EXISTS `patient` (
  `ID` bigint(20) NOT NULL AUTO_INCREMENT,
  `PHONE` varchar(255) COLLATE utf8_bin DEFAULT NULL,
  `ADDRESS` varchar(255) COLLATE utf8_bin DEFAULT NULL,
  `STATUS` int(11) DEFAULT NULL,
  `CARDID` varchar(255) COLLATE utf8_bin DEFAULT NULL,
  `NAME` varchar(255) COLLATE utf8_bin DEFAULT NULL,
  `AGE` int(11) DEFAULT NULL,
  `GENDER` int(11) DEFAULT NULL,
  PRIMARY KEY (`ID`)
) ENGINE=MyISAM  DEFAULT CHARSET=utf8 COLLATE=utf8_bin AUTO_INCREMENT=9 ;

--
-- Dumping data for table `patient`
--

INSERT INTO `patient` (`ID`, `PHONE`, `ADDRESS`, `STATUS`, `CARDID`, `NAME`, `AGE`, `GENDER`) VALUES
(1, '111111', 'sssdfdd', 0, NULL, 'aaa', 10, 0),
(2, '111111', 'sssdfdd', 0, NULL, 'bbbb', 10, 0),
(3, '11111', 'wwwww', 0, NULL, 'ccc', 12, 0),
(4, '11111', 'wwwww', 0, NULL, 'dddd', 30, 0),
(5, '12', '22', 0, NULL, 'eeeee', 22, 0),
(6, 'fff', 'fff', 0, NULL, 'ffff', 0, 0),
(7, 'yyyy', 'yyyy', 0, NULL, 'yyyyy', 0, 0);

-- --------------------------------------------------------

--
-- Table structure for table `recipe`
--

CREATE TABLE IF NOT EXISTS `recipe` (
  `ID` bigint(20) NOT NULL AUTO_INCREMENT,
  `PRICE` decimal(38,0) DEFAULT NULL,
  `DEPARTMENT` varchar(255) COLLATE utf8_bin DEFAULT NULL,
  `FEETYPE` varchar(255) COLLATE utf8_bin DEFAULT NULL,
  `METHOD` varchar(255) COLLATE utf8_bin DEFAULT NULL,
  `CREATEDATE` time DEFAULT NULL,
  `DISEASE` varchar(255) COLLATE utf8_bin DEFAULT NULL,
  `DOSE` int(11) DEFAULT NULL,
  `PATIENTID` bigint(20) DEFAULT NULL,
  PRIMARY KEY (`ID`),
  KEY `FK_RECIPE_PATIENTID` (`PATIENTID`)
) ENGINE=MyISAM  DEFAULT CHARSET=utf8 COLLATE=utf8_bin AUTO_INCREMENT=10 ;

--
-- Dumping data for table `recipe`
--

INSERT INTO `recipe` (`ID`, `PRICE`, `DEPARTMENT`, `FEETYPE`, `METHOD`, `CREATEDATE`, `DISEASE`, `DOSE`, `PATIENTID`) VALUES
(1, NULL, NULL, NULL, NULL, '11:21:00', NULL, 5, 3),
(2, NULL, NULL, NULL, NULL, '11:24:33', NULL, 5, 3),
(3, NULL, NULL, NULL, NULL, '12:11:48', NULL, 5, 1),
(4, NULL, NULL, NULL, NULL, '12:15:55', NULL, 5, 2),
(5, NULL, NULL, NULL, NULL, '12:17:08', NULL, 5, 3),
(6, NULL, NULL, NULL, NULL, '12:21:26', NULL, 5, 5),
(7, NULL, NULL, NULL, NULL, '12:21:39', NULL, 5, 5),
(8, NULL, NULL, NULL, NULL, '12:21:53', NULL, 5, 5),
(9, NULL, NULL, NULL, NULL, '22:01:21', NULL, 5, 5);

-- --------------------------------------------------------

--
-- Table structure for table `reciperepository`
--

CREATE TABLE IF NOT EXISTS `reciperepository` (
  `ID` int(11) NOT NULL,
  `RECIPETYPE` varchar(255) COLLATE utf8_bin DEFAULT NULL,
  `RECIPENAME` varchar(255) COLLATE utf8_bin DEFAULT NULL,
  PRIMARY KEY (`ID`)
) ENGINE=MyISAM DEFAULT CHARSET=utf8 COLLATE=utf8_bin;

--
-- Dumping data for table `reciperepository`
--


-- --------------------------------------------------------

--
-- Table structure for table `sequence`
--

CREATE TABLE IF NOT EXISTS `sequence` (
  `SEQ_NAME` varchar(50) COLLATE utf8_bin NOT NULL,
  `SEQ_COUNT` decimal(38,0) DEFAULT NULL,
  PRIMARY KEY (`SEQ_NAME`)
) ENGINE=MyISAM DEFAULT CHARSET=utf8 COLLATE=utf8_bin;

--
-- Dumping data for table `sequence`
--

INSERT INTO `sequence` (`SEQ_NAME`, `SEQ_COUNT`) VALUES
('SEQ_GEN_TABLE', '600');

-- --------------------------------------------------------

--
-- Table structure for table `user`
--

CREATE TABLE IF NOT EXISTS `user` (
  `ID` int(11) unsigned NOT NULL AUTO_INCREMENT,
  `name` varchar(40) COLLATE utf8_bin NOT NULL,
  `password` varchar(40) COLLATE utf8_bin DEFAULT NULL,
  `role` tinyint(3) unsigned NOT NULL,
  PRIMARY KEY (`ID`),
  UNIQUE KEY `name` (`name`)
) ENGINE=InnoDB  DEFAULT CHARSET=utf8 COLLATE=utf8_bin AUTO_INCREMENT=3 ;

--
-- Dumping data for table `user`
--

INSERT INTO `user` (`ID`, `name`, `password`, `role`) VALUES
(1, 'Loki', 'laokai', 1),
(2, 'admin', 'admin', 0);
